[
  {
    "Код товара": 12345,
    "Название товара": "Масло",
    "Цена товара": 130.99000000000001
  },
  {
    "Код товара": 23456,
    "Название товара": "Икра",
    "Цена товара": 500.99000000000001
  },
  {
    "Код товара": 34567,
    "Название товара": "Майонез",
    "Цена товара": 70.989999999999995
  },
  {
    "Код товара": 45678,
    "Название товара": "Хлеб",
    "Цена товара": 44.990000000000002
  },
  {
    "Код товара": 77777,
    "Название товара": "Шампанское",
    "Цена товара": 452.99000000000001
  }
]